-- USER
INSERT INTO `users`
    (`dtype`, `user_id`, `created_by`, `created_date`, `created_time`, `last_modified_by`, `last_modified_date`, `last_modified_time`,
    `email`, `last_login_date`, `last_password_modify_date`, `login_id`, `name`, `password`, `status`)
VALUES
       ('USER', 9999, 9999, '2024-01-01', '00:00:00', 9999, '2024-01-01', '00:00:00',
       'chaerin.du.ub@gmail.com', '2024-01-01 00:00:00', '2024-01-01 00:00:00', 'SYSTEM', 'SYSTEM', 'SYSTEM', 'ACTIVE')
     , ('USER', 1001, 9999, '2024-01-01', '00:00:00', 9999, '2024-01-01', '00:00:00',
       'chaerin.user1@gmail.com', '2024-01-01 00:00:00', '2024-01-01 00:00:00', 'USER1', '사용자1', 'PASSWORD', 'ACTIVE')
     , ('USER', 1002, 9999, '2024-01-01', '00:00:00', 9999, '2024-01-01', '00:00:00',
       'chaerin.user3@gmail.com', '2024-01-01 00:00:00', '2024-01-01 00:00:00', 'USER2', '사용자2', 'PASSWORD', 'ACTIVE')
     , ('USER', 1003, 9999, '2024-01-01', '00:00:00', 9999, '2024-01-01', '00:00:00',
       'chaerin.user3@gmail.com', '2024-01-01 00:00:00', '2024-01-01 00:00:00', 'USER3', '사용자3', 'PASSWORD', 'ACTIVE')
     , ('USER', 1004, 9999, '2024-01-01', '00:00:00', 9999, '2024-01-01', '00:00:00',
       'chaerin.user4@gmail.com', '2024-01-01 00:00:00', '2024-01-01 00:00:00', 'USER4', '사용자4', 'PASSWORD', 'ACTIVE')
     , ('USER', 1005, 9999, '2024-01-01', '00:00:00', 9999, '2024-01-01', '00:00:00',
       'chaerin.user5@gmail.com', '2024-01-01 00:00:00', '2024-01-01 00:00:00', 'USER5', '사용자5', 'PASSWORD', 'ACTIVE')
     , ('USER', 1006, 9999, '2024-01-01', '00:00:00', 9999, '2024-01-01', '00:00:00',
       'chaerin.user6@gmail.com', '2024-01-01 00:00:00', '2024-01-01 00:00:00', 'USER6', '사용자6', 'PASSWORD', 'ACTIVE')
     , ('USER', 1007, 9999, '2024-01-01', '00:00:00', 9999, '2024-01-01', '00:00:00',
       'chaerin.user7@gmail.com', '2024-01-01 00:00:00', '2024-01-01 00:00:00', 'USER7', '사용자7', 'PASSWORD', 'ACTIVE')
     , ('USER', 1008, 9999, '2024-01-01', '00:00:00', 9999, '2024-01-01', '00:00:00',
       'chaerin.user8@gmail.com', '2024-01-01 00:00:00', '2024-01-01 00:00:00', 'USER8', '사용자8', 'PASSWORD', 'ACTIVE')
     , ('USER', 1009, 9999, '2024-01-01', '00:00:00', 9999, '2024-01-01', '00:00:00',
       'chaerin.user9@gmail.com', '2024-01-01 00:00:00', '2024-01-01 00:00:00', 'USER9', '사용자9', 'PASSWORD', 'ACTIVE')
     , ('USER', 1010, 9999, '2024-01-01', '00:00:00', 9999, '2024-01-01', '00:00:00',
       'chaerin.user10@gmail.com', '2024-01-01 00:00:00', '2024-01-01 00:00:00', 'USER10', '사용자10', 'PASSWORD', 'ACTIVE')
;

-- Venue
INSERT INTO `venue`
    (`venue_id`, `created_by`, `created_date`, `created_time`, `last_modified_by`, `last_modified_date`, `last_modified_time`,
    `capacity`, `name`, `possible_times`, `type`)
VALUES
      (1000, 9999, '2024-01-01', '00:00:00', 9999, '2024-01-01', '00:00:00', 10, 'SMALL VENUE', '10:00~20:00', 'GENERAL_ADMISSION')
    , (1100, 9999, '2024-01-01', '00:00:00', 9999, '2024-01-01', '00:00:00', 50, '블루스퀘어 신한카드홀', '14:00~22:00', 'FIXED_SEAT')
    , (1200, 9999, '2024-01-01', '00:00:00', 9999, '2024-01-01', '00:00:00', 50, 'LG SIGNATURE 홀', '14:00~22:00', 'FIXED_SEAT')
    , (1300, 9999, '2024-01-01', '00:00:00', 9999, '2024-01-01', '00:00:00', 50, 'KSPO DOME', '00:00~00:00', 'FIXED_SEAT')
;

-- Seat
INSERT INTO `seat`
    (`seat_id`, `created_by`, `created_date`, `created_time`, `last_modified_by`, `last_modified_date`, `last_modified_time`,
    `seat_number`, `seat_type`, `venue_id`)
VALUES
    -- VENUE 1000
      (1000, 9999, '2024-01-01', '00:00:00', 9999, '2024-01-01', '00:00:00',  '1', 'REGULAR', 1000)
    , (1001, 9999, '2024-01-01', '00:00:00', 9999, '2024-01-01', '00:00:00',  '2', 'REGULAR', 1000)
    , (1002, 9999, '2024-01-01', '00:00:00', 9999, '2024-01-01', '00:00:00',  '3', 'REGULAR', 1000)
    , (1003, 9999, '2024-01-01', '00:00:00', 9999, '2024-01-01', '00:00:00',  '4', 'REGULAR', 1000)
    , (1004, 9999, '2024-01-01', '00:00:00', 9999, '2024-01-01', '00:00:00',  '5', 'REGULAR', 1000)
    , (1005, 9999, '2024-01-01', '00:00:00', 9999, '2024-01-01', '00:00:00',  '6', 'REGULAR', 1000)
    , (1006, 9999, '2024-01-01', '00:00:00', 9999, '2024-01-01', '00:00:00',  '7', 'REGULAR', 1000)
    , (1007, 9999, '2024-01-01', '00:00:00', 9999, '2024-01-01', '00:00:00',  '8', 'REGULAR', 1000)
    , (1008, 9999, '2024-01-01', '00:00:00', 9999, '2024-01-01', '00:00:00',  '9', 'REGULAR', 1000)
    , (1009, 9999, '2024-01-01', '00:00:00', 9999, '2024-01-01', '00:00:00', '10', 'REGULAR', 1000)
    -- VENUE 1100
    , (1100, 9999, '2024-01-01', '00:00:00', 9999, '2024-01-01', '00:00:00',  '1', 'REGULAR', 1100)
    , (1101, 9999, '2024-01-01', '00:00:00', 9999, '2024-01-01', '00:00:00',  '2', 'REGULAR', 1100)
    , (1102, 9999, '2024-01-01', '00:00:00', 9999, '2024-01-01', '00:00:00',  '3', 'REGULAR', 1100)
    , (1103, 9999, '2024-01-01', '00:00:00', 9999, '2024-01-01', '00:00:00',  '4', 'REGULAR', 1100)
    , (1104, 9999, '2024-01-01', '00:00:00', 9999, '2024-01-01', '00:00:00',  '5', 'REGULAR', 1100)
    , (1105, 9999, '2024-01-01', '00:00:00', 9999, '2024-01-01', '00:00:00',  '6', 'REGULAR', 1100)
    , (1106, 9999, '2024-01-01', '00:00:00', 9999, '2024-01-01', '00:00:00',  '7', 'REGULAR', 1100)
    , (1107, 9999, '2024-01-01', '00:00:00', 9999, '2024-01-01', '00:00:00',  '8', 'REGULAR', 1100)
    , (1108, 9999, '2024-01-01', '00:00:00', 9999, '2024-01-01', '00:00:00',  '9', 'REGULAR', 1100)
    , (1109, 9999, '2024-01-01', '00:00:00', 9999, '2024-01-01', '00:00:00', '10', 'REGULAR', 1100)
    , (1110, 9999, '2024-01-01', '00:00:00', 9999, '2024-01-01', '00:00:00', '11', 'REGULAR', 1100)
    , (1111, 9999, '2024-01-01', '00:00:00', 9999, '2024-01-01', '00:00:00', '12', 'REGULAR', 1100)
    , (1112, 9999, '2024-01-01', '00:00:00', 9999, '2024-01-01', '00:00:00', '13', 'REGULAR', 1100)
    , (1113, 9999, '2024-01-01', '00:00:00', 9999, '2024-01-01', '00:00:00', '14', 'REGULAR', 1100)
    , (1114, 9999, '2024-01-01', '00:00:00', 9999, '2024-01-01', '00:00:00', '15', 'REGULAR', 1100)
    , (1115, 9999, '2024-01-01', '00:00:00', 9999, '2024-01-01', '00:00:00', '16', 'REGULAR', 1100)
    , (1116, 9999, '2024-01-01', '00:00:00', 9999, '2024-01-01', '00:00:00', '17', 'REGULAR', 1100)
    , (1117, 9999, '2024-01-01', '00:00:00', 9999, '2024-01-01', '00:00:00', '18', 'REGULAR', 1100)
    , (1118, 9999, '2024-01-01', '00:00:00', 9999, '2024-01-01', '00:00:00', '19', 'REGULAR', 1100)
    , (1119, 9999, '2024-01-01', '00:00:00', 9999, '2024-01-01', '00:00:00', '20', 'REGULAR', 1100)
    , (1120, 9999, '2024-01-01', '00:00:00', 9999, '2024-01-01', '00:00:00', '21', 'REGULAR', 1100)
    , (1121, 9999, '2024-01-01', '00:00:00', 9999, '2024-01-01', '00:00:00', '22', 'REGULAR', 1100)
    , (1122, 9999, '2024-01-01', '00:00:00', 9999, '2024-01-01', '00:00:00', '23', 'REGULAR', 1100)
    , (1123, 9999, '2024-01-01', '00:00:00', 9999, '2024-01-01', '00:00:00', '24', 'REGULAR', 1100)
    , (1124, 9999, '2024-01-01', '00:00:00', 9999, '2024-01-01', '00:00:00', '25', 'REGULAR', 1100)
    , (1125, 9999, '2024-01-01', '00:00:00', 9999, '2024-01-01', '00:00:00', '26', 'REGULAR', 1100)
    , (1126, 9999, '2024-01-01', '00:00:00', 9999, '2024-01-01', '00:00:00', '27', 'REGULAR', 1100)
    , (1127, 9999, '2024-01-01', '00:00:00', 9999, '2024-01-01', '00:00:00', '28', 'REGULAR', 1100)
    , (1128, 9999, '2024-01-01', '00:00:00', 9999, '2024-01-01', '00:00:00', '29', 'REGULAR', 1100)
    , (1129, 9999, '2024-01-01', '00:00:00', 9999, '2024-01-01', '00:00:00', '30', 'REGULAR', 1100)
    , (1130, 9999, '2024-01-01', '00:00:00', 9999, '2024-01-01', '00:00:00', '31', 'REGULAR', 1100)
    , (1131, 9999, '2024-01-01', '00:00:00', 9999, '2024-01-01', '00:00:00', '32', 'REGULAR', 1100)
    , (1132, 9999, '2024-01-01', '00:00:00', 9999, '2024-01-01', '00:00:00', '33', 'REGULAR', 1100)
    , (1133, 9999, '2024-01-01', '00:00:00', 9999, '2024-01-01', '00:00:00', '34', 'REGULAR', 1100)
    , (1134, 9999, '2024-01-01', '00:00:00', 9999, '2024-01-01', '00:00:00', '35', 'REGULAR', 1100)
    , (1135, 9999, '2024-01-01', '00:00:00', 9999, '2024-01-01', '00:00:00', '36', 'REGULAR', 1100)
    , (1136, 9999, '2024-01-01', '00:00:00', 9999, '2024-01-01', '00:00:00', '37', 'REGULAR', 1100)
    , (1137, 9999, '2024-01-01', '00:00:00', 9999, '2024-01-01', '00:00:00', '38', 'REGULAR', 1100)
    , (1138, 9999, '2024-01-01', '00:00:00', 9999, '2024-01-01', '00:00:00', '39', 'REGULAR', 1100)
    , (1139, 9999, '2024-01-01', '00:00:00', 9999, '2024-01-01', '00:00:00', '40', 'REGULAR', 1100)
    , (1140, 9999, '2024-01-01', '00:00:00', 9999, '2024-01-01', '00:00:00', '41', 'REGULAR', 1100)
    , (1141, 9999, '2024-01-01', '00:00:00', 9999, '2024-01-01', '00:00:00', '42', 'REGULAR', 1100)
    , (1142, 9999, '2024-01-01', '00:00:00', 9999, '2024-01-01', '00:00:00', '43', 'REGULAR', 1100)
    , (1143, 9999, '2024-01-01', '00:00:00', 9999, '2024-01-01', '00:00:00', '44', 'REGULAR', 1100)
    , (1144, 9999, '2024-01-01', '00:00:00', 9999, '2024-01-01', '00:00:00', '45', 'REGULAR', 1100)
    , (1145, 9999, '2024-01-01', '00:00:00', 9999, '2024-01-01', '00:00:00', '46', 'REGULAR', 1100)
    , (1146, 9999, '2024-01-01', '00:00:00', 9999, '2024-01-01', '00:00:00', '47', 'REGULAR', 1100)
    , (1147, 9999, '2024-01-01', '00:00:00', 9999, '2024-01-01', '00:00:00', '48', 'REGULAR', 1100)
    , (1148, 9999, '2024-01-01', '00:00:00', 9999, '2024-01-01', '00:00:00', '49', 'REGULAR', 1100)
    , (1149, 9999, '2024-01-01', '00:00:00', 9999, '2024-01-01', '00:00:00', '50', 'REGULAR', 1100)
    -- VENUE 1200
    , (1200, 9999, '2024-01-01', '00:00:00', 9999, '2024-01-01', '00:00:00',  'A1', 'REGULAR', 1200)
    , (1201, 9999, '2024-01-01', '00:00:00', 9999, '2024-01-01', '00:00:00',  'A2', 'REGULAR', 1200)
    , (1202, 9999, '2024-01-01', '00:00:00', 9999, '2024-01-01', '00:00:00',  'A3', 'VIP', 1200)
    , (1203, 9999, '2024-01-01', '00:00:00', 9999, '2024-01-01', '00:00:00',  'A4', 'VIP', 1200)
    , (1204, 9999, '2024-01-01', '00:00:00', 9999, '2024-01-01', '00:00:00',  'A5', 'VIP', 1200)
    , (1205, 9999, '2024-01-01', '00:00:00', 9999, '2024-01-01', '00:00:00',  'A6', 'VIP', 1200)
    , (1206, 9999, '2024-01-01', '00:00:00', 9999, '2024-01-01', '00:00:00',  'A7', 'VIP', 1200)
    , (1207, 9999, '2024-01-01', '00:00:00', 9999, '2024-01-01', '00:00:00',  'A8', 'VIP', 1200)
    , (1208, 9999, '2024-01-01', '00:00:00', 9999, '2024-01-01', '00:00:00',  'A9', 'REGULAR', 1200)
    , (1209, 9999, '2024-01-01', '00:00:00', 9999, '2024-01-01', '00:00:00', 'A10', 'REGULAR', 1200)
    , (1210, 9999, '2024-01-01', '00:00:00', 9999, '2024-01-01', '00:00:00',  'B1', 'REGULAR', 1200)
    , (1211, 9999, '2024-01-01', '00:00:00', 9999, '2024-01-01', '00:00:00',  'B2', 'REGULAR', 1200)
    , (1212, 9999, '2024-01-01', '00:00:00', 9999, '2024-01-01', '00:00:00',  'B3', 'VIP', 1200)
    , (1213, 9999, '2024-01-01', '00:00:00', 9999, '2024-01-01', '00:00:00',  'B4', 'VIP', 1200)
    , (1214, 9999, '2024-01-01', '00:00:00', 9999, '2024-01-01', '00:00:00',  'B5', 'VIP', 1200)
    , (1215, 9999, '2024-01-01', '00:00:00', 9999, '2024-01-01', '00:00:00',  'B6', 'VIP', 1200)
    , (1216, 9999, '2024-01-01', '00:00:00', 9999, '2024-01-01', '00:00:00',  'B7', 'VIP', 1200)
    , (1217, 9999, '2024-01-01', '00:00:00', 9999, '2024-01-01', '00:00:00',  'B8', 'VIP', 1200)
    , (1218, 9999, '2024-01-01', '00:00:00', 9999, '2024-01-01', '00:00:00',  'B9', 'REGULAR', 1200)
    , (1219, 9999, '2024-01-01', '00:00:00', 9999, '2024-01-01', '00:00:00', 'B10', 'REGULAR', 1200)
    , (1220, 9999, '2024-01-01', '00:00:00', 9999, '2024-01-01', '00:00:00',  'C1', 'REGULAR', 1200)
    , (1221, 9999, '2024-01-01', '00:00:00', 9999, '2024-01-01', '00:00:00',  'C2', 'REGULAR', 1200)
    , (1222, 9999, '2024-01-01', '00:00:00', 9999, '2024-01-01', '00:00:00',  'C3', 'REGULAR', 1200)
    , (1223, 9999, '2024-01-01', '00:00:00', 9999, '2024-01-01', '00:00:00',  'C4', 'REGULAR', 1200)
    , (1224, 9999, '2024-01-01', '00:00:00', 9999, '2024-01-01', '00:00:00',  'C5', 'REGULAR', 1200)
    , (1225, 9999, '2024-01-01', '00:00:00', 9999, '2024-01-01', '00:00:00',  'C6', 'REGULAR', 1200)
    , (1226, 9999, '2024-01-01', '00:00:00', 9999, '2024-01-01', '00:00:00',  'C7', 'REGULAR', 1200)
    , (1227, 9999, '2024-01-01', '00:00:00', 9999, '2024-01-01', '00:00:00',  'C8', 'REGULAR', 1200)
    , (1228, 9999, '2024-01-01', '00:00:00', 9999, '2024-01-01', '00:00:00',  'C9', 'REGULAR', 1200)
    , (1229, 9999, '2024-01-01', '00:00:00', 9999, '2024-01-01', '00:00:00', 'C10', 'REGULAR', 1200)
    , (1230, 9999, '2024-01-01', '00:00:00', 9999, '2024-01-01', '00:00:00',  'D1', 'REGULAR', 1200)
    , (1231, 9999, '2024-01-01', '00:00:00', 9999, '2024-01-01', '00:00:00',  'D2', 'REGULAR', 1200)
    , (1232, 9999, '2024-01-01', '00:00:00', 9999, '2024-01-01', '00:00:00',  'D3', 'REGULAR', 1200)
    , (1233, 9999, '2024-01-01', '00:00:00', 9999, '2024-01-01', '00:00:00',  'D4', 'REGULAR', 1200)
    , (1234, 9999, '2024-01-01', '00:00:00', 9999, '2024-01-01', '00:00:00',  'D5', 'REGULAR', 1200)
    , (1235, 9999, '2024-01-01', '00:00:00', 9999, '2024-01-01', '00:00:00',  'D6', 'REGULAR', 1200)
    , (1236, 9999, '2024-01-01', '00:00:00', 9999, '2024-01-01', '00:00:00',  'D7', 'REGULAR', 1200)
    , (1237, 9999, '2024-01-01', '00:00:00', 9999, '2024-01-01', '00:00:00',  'D8', 'REGULAR', 1200)
    , (1238, 9999, '2024-01-01', '00:00:00', 9999, '2024-01-01', '00:00:00',  'D9', 'REGULAR', 1200)
    , (1239, 9999, '2024-01-01', '00:00:00', 9999, '2024-01-01', '00:00:00', 'D10', 'REGULAR', 1200)
    , (1240, 9999, '2024-01-01', '00:00:00', 9999, '2024-01-01', '00:00:00',  'E1', 'REGULAR', 1200)
    , (1241, 9999, '2024-01-01', '00:00:00', 9999, '2024-01-01', '00:00:00',  'E2', 'REGULAR', 1200)
    , (1242, 9999, '2024-01-01', '00:00:00', 9999, '2024-01-01', '00:00:00',  'E3', 'REGULAR', 1200)
    , (1243, 9999, '2024-01-01', '00:00:00', 9999, '2024-01-01', '00:00:00',  'E4', 'REGULAR', 1200)
    , (1244, 9999, '2024-01-01', '00:00:00', 9999, '2024-01-01', '00:00:00',  'E5', 'REGULAR', 1200)
    , (1245, 9999, '2024-01-01', '00:00:00', 9999, '2024-01-01', '00:00:00',  'E6', 'REGULAR', 1200)
    , (1246, 9999, '2024-01-01', '00:00:00', 9999, '2024-01-01', '00:00:00',  'E7', 'REGULAR', 1200)
    , (1247, 9999, '2024-01-01', '00:00:00', 9999, '2024-01-01', '00:00:00',  'E8', 'REGULAR', 1200)
    , (1248, 9999, '2024-01-01', '00:00:00', 9999, '2024-01-01', '00:00:00',  'E9', 'ACCESSIBLE', 1200)
    , (1249, 9999, '2024-01-01', '00:00:00', 9999, '2024-01-01', '00:00:00', 'E10', 'ACCESSIBLE', 1200)
    -- VENUE 1300
    , (1300, 9999, '2024-01-01', '00:00:00', 9999, '2024-01-01', '00:00:00',  'A1', 'REGULAR', 1300)
    , (1301, 9999, '2024-01-01', '00:00:00', 9999, '2024-01-01', '00:00:00',  'A2', 'REGULAR', 1300)
    , (1302, 9999, '2024-01-01', '00:00:00', 9999, '2024-01-01', '00:00:00',  'A3', 'REGULAR', 1300)
    , (1303, 9999, '2024-01-01', '00:00:00', 9999, '2024-01-01', '00:00:00',  'A4', 'REGULAR', 1300)
    , (1304, 9999, '2024-01-01', '00:00:00', 9999, '2024-01-01', '00:00:00',  'A5', 'REGULAR', 1300)
    , (1305, 9999, '2024-01-01', '00:00:00', 9999, '2024-01-01', '00:00:00',  'A6', 'REGULAR', 1300)
    , (1306, 9999, '2024-01-01', '00:00:00', 9999, '2024-01-01', '00:00:00',  'A7', 'REGULAR', 1300)
    , (1307, 9999, '2024-01-01', '00:00:00', 9999, '2024-01-01', '00:00:00',  'A8', 'REGULAR', 1300)
    , (1308, 9999, '2024-01-01', '00:00:00', 9999, '2024-01-01', '00:00:00',  'A9', 'REGULAR', 1300)
    , (1309, 9999, '2024-01-01', '00:00:00', 9999, '2024-01-01', '00:00:00', 'A10', 'REGULAR', 1300)
    , (1310, 9999, '2024-01-01', '00:00:00', 9999, '2024-01-01', '00:00:00',  'B1', 'REGULAR', 1300)
    , (1311, 9999, '2024-01-01', '00:00:00', 9999, '2024-01-01', '00:00:00',  'B2', 'REGULAR', 1300)
    , (1312, 9999, '2024-01-01', '00:00:00', 9999, '2024-01-01', '00:00:00',  'B3', 'REGULAR', 1300)
    , (1313, 9999, '2024-01-01', '00:00:00', 9999, '2024-01-01', '00:00:00',  'B4', 'REGULAR', 1300)
    , (1314, 9999, '2024-01-01', '00:00:00', 9999, '2024-01-01', '00:00:00',  'B5', 'REGULAR', 1300)
    , (1315, 9999, '2024-01-01', '00:00:00', 9999, '2024-01-01', '00:00:00',  'B6', 'REGULAR', 1300)
    , (1316, 9999, '2024-01-01', '00:00:00', 9999, '2024-01-01', '00:00:00',  'B7', 'REGULAR', 1300)
    , (1317, 9999, '2024-01-01', '00:00:00', 9999, '2024-01-01', '00:00:00',  'B8', 'REGULAR', 1300)
    , (1318, 9999, '2024-01-01', '00:00:00', 9999, '2024-01-01', '00:00:00',  'B9', 'REGULAR', 1300)
    , (1319, 9999, '2024-01-01', '00:00:00', 9999, '2024-01-01', '00:00:00', 'B10', 'REGULAR', 1300)
    , (1320, 9999, '2024-01-01', '00:00:00', 9999, '2024-01-01', '00:00:00',  'C1', 'REGULAR', 1300)
    , (1321, 9999, '2024-01-01', '00:00:00', 9999, '2024-01-01', '00:00:00',  'C2', 'REGULAR', 1300)
    , (1322, 9999, '2024-01-01', '00:00:00', 9999, '2024-01-01', '00:00:00',  'C3', 'REGULAR', 1300)
    , (1323, 9999, '2024-01-01', '00:00:00', 9999, '2024-01-01', '00:00:00',  'C4', 'REGULAR', 1300)
    , (1324, 9999, '2024-01-01', '00:00:00', 9999, '2024-01-01', '00:00:00',  'C5', 'REGULAR', 1300)
    , (1325, 9999, '2024-01-01', '00:00:00', 9999, '2024-01-01', '00:00:00',  'C6', 'REGULAR', 1300)
    , (1326, 9999, '2024-01-01', '00:00:00', 9999, '2024-01-01', '00:00:00',  'C7', 'REGULAR', 1300)
    , (1327, 9999, '2024-01-01', '00:00:00', 9999, '2024-01-01', '00:00:00',  'C8', 'REGULAR', 1300)
    , (1328, 9999, '2024-01-01', '00:00:00', 9999, '2024-01-01', '00:00:00',  'C9', 'REGULAR', 1300)
    , (1329, 9999, '2024-01-01', '00:00:00', 9999, '2024-01-01', '00:00:00', 'C10', 'REGULAR', 1300)
    , (1330, 9999, '2024-01-01', '00:00:00', 9999, '2024-01-01', '00:00:00',  'D1', 'REGULAR', 1300)
    , (1331, 9999, '2024-01-01', '00:00:00', 9999, '2024-01-01', '00:00:00',  'D2', 'REGULAR', 1300)
    , (1332, 9999, '2024-01-01', '00:00:00', 9999, '2024-01-01', '00:00:00',  'D3', 'REGULAR', 1300)
    , (1333, 9999, '2024-01-01', '00:00:00', 9999, '2024-01-01', '00:00:00',  'D4', 'REGULAR', 1300)
    , (1334, 9999, '2024-01-01', '00:00:00', 9999, '2024-01-01', '00:00:00',  'D5', 'REGULAR', 1300)
    , (1335, 9999, '2024-01-01', '00:00:00', 9999, '2024-01-01', '00:00:00',  'D6', 'REGULAR', 1300)
    , (1336, 9999, '2024-01-01', '00:00:00', 9999, '2024-01-01', '00:00:00',  'D7', 'REGULAR', 1300)
    , (1337, 9999, '2024-01-01', '00:00:00', 9999, '2024-01-01', '00:00:00',  'D8', 'REGULAR', 1300)
    , (1338, 9999, '2024-01-01', '00:00:00', 9999, '2024-01-01', '00:00:00',  'D9', 'REGULAR', 1300)
    , (1339, 9999, '2024-01-01', '00:00:00', 9999, '2024-01-01', '00:00:00', 'D10', 'REGULAR', 1300)
    , (1340, 9999, '2024-01-01', '00:00:00', 9999, '2024-01-01', '00:00:00',  'E1', 'REGULAR', 1300)
    , (1341, 9999, '2024-01-01', '00:00:00', 9999, '2024-01-01', '00:00:00',  'E2', 'REGULAR', 1300)
    , (1342, 9999, '2024-01-01', '00:00:00', 9999, '2024-01-01', '00:00:00',  'E3', 'REGULAR', 1300)
    , (1343, 9999, '2024-01-01', '00:00:00', 9999, '2024-01-01', '00:00:00',  'E4', 'REGULAR', 1300)
    , (1344, 9999, '2024-01-01', '00:00:00', 9999, '2024-01-01', '00:00:00',  'E5', 'REGULAR', 1300)
    , (1345, 9999, '2024-01-01', '00:00:00', 9999, '2024-01-01', '00:00:00',  'E6', 'REGULAR', 1300)
    , (1346, 9999, '2024-01-01', '00:00:00', 9999, '2024-01-01', '00:00:00',  'E7', 'REGULAR', 1300)
    , (1347, 9999, '2024-01-01', '00:00:00', 9999, '2024-01-01', '00:00:00',  'E8', 'REGULAR', 1300)
    , (1348, 9999, '2024-01-01', '00:00:00', 9999, '2024-01-01', '00:00:00',  'E9', 'ACCESSIBLE', 1300)
    , (1349, 9999, '2024-01-01', '00:00:00', 9999, '2024-01-01', '00:00:00', 'E10', 'ACCESSIBLE', 1300)
;

INSERT INTO `performance`
    (`performance_id`, `created_by`, `created_date`, `created_time`, `last_modified_by`, `last_modified_date`, `last_modified_time`,
    `venue_id`, `name`, `description`, `genre`, `capacity`, `performance_date`, `start_time`, `end_time`)
VALUES
      (1000, 9999, '2024-01-01', '00:00:00', 9999, '2024-01-01', '00:00:00',
    1000, '어린이 뮤지컬', '2024 어린이 뮤지컬 1회차', 'MUSICAL', 10, '2024-01-30', '13:00', '15:00')
    , (1001, 9999, '2024-01-01', '00:00:00', 9999, '2024-01-01', '00:00:00',
    1000, '어린이 뮤지컬', '2024 어린이 뮤지컬 2회차', 'MUSICAL', 10, '2024-01-31', '13:00', '15:00')
    , (1100, 9999, '2024-01-01', '00:00:00', 9999, '2024-01-01', '00:00:00',
    1100, '레미제라블', '시대를 뛰어넘은 위대한 명작', 'MUSICAL', 50, '2024-02-01', '14:30', '17:30')
    , (1101, 9999, '2024-01-01', '00:00:00', 9999, '2024-01-01', '00:00:00',
    1100, '레미제라블', '시대를 뛰어넘은 위대한 명작', 'MUSICAL', 50, '2024-02-01', '19:30', '21:30')
    , (1102, 9999, '2024-01-01', '00:00:00', 9999, '2024-01-01', '00:00:00',
    1100, '레미제라블', '시대를 뛰어넘은 위대한 명작', 'MUSICAL', 50, '2024-02-02', '19:30', '21:30')
    , (1200, 9999, '2024-01-01', '00:00:00', 9999, '2024-01-01', '00:00:00',
    1200, '레베카', '새로운 밀리언 셀러 뮤지컬의 탄생', 'MUSICAL', 50, '2024-02-01', '19:00', '21:00')
    , (1201, 9999, '2024-01-01', '00:00:00', 9999, '2024-01-01', '00:00:00',
    1200, '레베카', '새로운 밀리언 셀러 뮤지컬의 탄생', 'MUSICAL', 50, '2024-02-02', '15:00', '18:00')
    , (1202, 9999, '2024-01-01', '00:00:00', 9999, '2024-01-01', '00:00:00',
    1200, '레베카', '새로운 밀리언 셀러 뮤지컬의 탄생', 'MUSICAL', 50, '2024-02-03', '14:00', '17:00')
;

INSERT INTO `price_policy`
    (`price_policy_id`, `created_by`, `created_date`, `created_time`, `last_modified_by`, `last_modified_date`, `last_modified_time`, `performance_id`, `seat_type`, `price`)
VALUES
      (1000, 9999, '2024-01-01', '00:00:00', 9999, '2024-01-01', '00:00:00', 1000, 'REGULAR', 30000)
    , (1010, 9999, '2024-01-01', '00:00:00', 9999, '2024-01-01', '00:00:00', 1001, 'REGULAR', 30000)
    , (1100, 9999, '2024-01-01', '00:00:00', 9999, '2024-01-01', '00:00:00', 1100, 'REGULAR', 150000)
    , (1110, 9999, '2024-01-01', '00:00:00', 9999, '2024-01-01', '00:00:00', 1101, 'REGULAR', 150000)
    , (1120, 9999, '2024-01-01', '00:00:00', 9999, '2024-01-01', '00:00:00', 1102, 'REGULAR', 150000)
    , (1200, 9999, '2024-01-01', '00:00:00', 9999, '2024-01-01', '00:00:00', 1200, 'PREMIUM', 170000)
    , (1201, 9999, '2024-01-01', '00:00:00', 9999, '2024-01-01', '00:00:00', 1200,     'VIP', 140000)
    , (1202, 9999, '2024-01-01', '00:00:00', 9999, '2024-01-01', '00:00:00', 1200, 'REGULAR', 110000)
    , (1210, 9999, '2024-01-01', '00:00:00', 9999, '2024-01-01', '00:00:00', 1201, 'PREMIUM', 170000)
    , (1211, 9999, '2024-01-01', '00:00:00', 9999, '2024-01-01', '00:00:00', 1201,     'VIP', 140000)
    , (1212, 9999, '2024-01-01', '00:00:00', 9999, '2024-01-01', '00:00:00', 1201, 'REGULAR', 110000)
    , (1220, 9999, '2024-01-01', '00:00:00', 9999, '2024-01-01', '00:00:00', 1202, 'PREMIUM', 170000)
    , (1221, 9999, '2024-01-01', '00:00:00', 9999, '2024-01-01', '00:00:00', 1202,     'VIP', 140000)
    , (1222, 9999, '2024-01-01', '00:00:00', 9999, '2024-01-01', '00:00:00', 1202, 'REGULAR', 110000)
;

INSERT INTO `performance_seat`
    (`performance_seat_id`, `created_by`, `created_date`, `created_time`, `last_modified_by`, `last_modified_date`, `last_modified_time`,
    `performance_id`, `seat_id`, `seat_number`, `seat_type`, `status`, `user_id`)
VALUES
    -- PERFORMANCE 1000
      (100000, 9999, '2024-01-01', '00:00:00', 9999, '2024-01-01', '00:00:00', 1000, 1000,    '1', 'REGULAR', 'AVAILABLE', null)
    , (100001, 9999, '2024-01-01', '00:00:00', 9999, '2024-01-01', '00:00:00', 1000, 1001,    '2', 'REGULAR',  'OCCUPIED', 1001)
    , (100002, 9999, '2024-01-01', '00:00:00', 9999, '2024-01-01', '00:00:00', 1000, 1002,    '3', 'REGULAR',  'OCCUPIED', 1001)
    , (100003, 9999, '2024-01-01', '00:00:00', 9999, '2024-01-01', '00:00:00', 1000, 1003,    '4', 'REGULAR',  'OCCUPIED', 1001)
    , (100004, 9999, '2024-01-01', '00:00:00', 9999, '2024-01-01', '00:00:00', 1000, 1004,    '5', 'REGULAR',  'OCCUPIED', 1001)
    , (100005, 9999, '2024-01-01', '00:00:00', 9999, '2024-01-01', '00:00:00', 1000, 1005,    '6', 'REGULAR',  'OCCUPIED', 1002)
    , (100006, 9999, '2024-01-01', '00:00:00', 9999, '2024-01-01', '00:00:00', 1000, 1006,    '7', 'REGULAR',  'OCCUPIED', 1002)
    , (100007, 9999, '2024-01-01', '00:00:00', 9999, '2024-01-01', '00:00:00', 1000, 1007,    '8', 'REGULAR', 'AVAILABLE', null)
    , (100008, 9999, '2024-01-01', '00:00:00', 9999, '2024-01-01', '00:00:00', 1000, 1008,    '9', 'REGULAR',   'PENDING', 1003)
    , (100009, 9999, '2024-01-01', '00:00:00', 9999, '2024-01-01', '00:00:00', 1000, 1009,   '10', 'REGULAR',   'PENDING', 1003)
    -- PERFORMANCE 1001
    , (100010, 9999, '2024-01-01', '00:00:00', 9999, '2024-01-01', '00:00:00', 1001, 1000,    '1', 'REGULAR', 'AVAILABLE', null)
    , (100011, 9999, '2024-01-01', '00:00:00', 9999, '2024-01-01', '00:00:00', 1001, 1001,    '2', 'REGULAR', 'AVAILABLE', null)
    , (100012, 9999, '2024-01-01', '00:00:00', 9999, '2024-01-01', '00:00:00', 1001, 1002,    '3', 'REGULAR', 'AVAILABLE', null)
    , (100013, 9999, '2024-01-01', '00:00:00', 9999, '2024-01-01', '00:00:00', 1001, 1003,    '4', 'REGULAR', 'AVAILABLE', null)
    , (100014, 9999, '2024-01-01', '00:00:00', 9999, '2024-01-01', '00:00:00', 1001, 1004,    '5', 'REGULAR', 'AVAILABLE', null)
    , (100015, 9999, '2024-01-01', '00:00:00', 9999, '2024-01-01', '00:00:00', 1001, 1005,    '6', 'REGULAR', 'AVAILABLE', null)
    , (100016, 9999, '2024-01-01', '00:00:00', 9999, '2024-01-01', '00:00:00', 1001, 1006,    '7', 'REGULAR', 'AVAILABLE', null)
    , (100017, 9999, '2024-01-01', '00:00:00', 9999, '2024-01-01', '00:00:00', 1001, 1007,    '8', 'REGULAR', 'AVAILABLE', null)
    , (100018, 9999, '2024-01-01', '00:00:00', 9999, '2024-01-01', '00:00:00', 1001, 1008,    '9', 'REGULAR', 'AVAILABLE', null)
    , (100019, 9999, '2024-01-01', '00:00:00', 9999, '2024-01-01', '00:00:00', 1001, 1009,   '10', 'REGULAR', 'AVAILABLE', null)
    -- PERFORMANCE 1100
    , (110000, 9999, '2024-01-01', '00:00:00', 9999, '2024-01-01', '00:00:00', 1100, 1100,    '1', 'REGULAR', 'AVAILABLE', null)
    , (110001, 9999, '2024-01-01', '00:00:00', 9999, '2024-01-01', '00:00:00', 1100, 1101,    '2', 'REGULAR', 'AVAILABLE', null)
    , (110002, 9999, '2024-01-01', '00:00:00', 9999, '2024-01-01', '00:00:00', 1100, 1102,    '3', 'REGULAR', 'AVAILABLE', null)
    , (110003, 9999, '2024-01-01', '00:00:00', 9999, '2024-01-01', '00:00:00', 1100, 1103,    '4', 'REGULAR', 'AVAILABLE', null)
    , (110004, 9999, '2024-01-01', '00:00:00', 9999, '2024-01-01', '00:00:00', 1100, 1104,    '5', 'REGULAR', 'AVAILABLE', null)
    , (110005, 9999, '2024-01-01', '00:00:00', 9999, '2024-01-01', '00:00:00', 1100, 1105,    '6', 'REGULAR', 'AVAILABLE', null)
    , (110006, 9999, '2024-01-01', '00:00:00', 9999, '2024-01-01', '00:00:00', 1100, 1106,    '7', 'REGULAR', 'AVAILABLE', null)
    , (110007, 9999, '2024-01-01', '00:00:00', 9999, '2024-01-01', '00:00:00', 1100, 1107,    '8', 'REGULAR', 'AVAILABLE', null)
    , (110008, 9999, '2024-01-01', '00:00:00', 9999, '2024-01-01', '00:00:00', 1100, 1108,    '9', 'REGULAR', 'AVAILABLE', null)
    , (110009, 9999, '2024-01-01', '00:00:00', 9999, '2024-01-01', '00:00:00', 1100, 1109,   '10', 'REGULAR', 'AVAILABLE', null)
    , (110010, 9999, '2024-01-01', '00:00:00', 9999, '2024-01-01', '00:00:00', 1100, 1110,   '11', 'REGULAR', 'AVAILABLE', null)
    , (110011, 9999, '2024-01-01', '00:00:00', 9999, '2024-01-01', '00:00:00', 1100, 1111,   '12', 'REGULAR', 'AVAILABLE', null)
    , (110012, 9999, '2024-01-01', '00:00:00', 9999, '2024-01-01', '00:00:00', 1100, 1112,   '13', 'REGULAR', 'AVAILABLE', null)
    , (110013, 9999, '2024-01-01', '00:00:00', 9999, '2024-01-01', '00:00:00', 1100, 1113,   '14', 'REGULAR', 'AVAILABLE', null)
    , (110014, 9999, '2024-01-01', '00:00:00', 9999, '2024-01-01', '00:00:00', 1100, 1114,   '15', 'REGULAR', 'AVAILABLE', null)
    , (110015, 9999, '2024-01-01', '00:00:00', 9999, '2024-01-01', '00:00:00', 1100, 1115,   '16', 'REGULAR', 'AVAILABLE', null)
    , (110016, 9999, '2024-01-01', '00:00:00', 9999, '2024-01-01', '00:00:00', 1100, 1116,   '17', 'REGULAR', 'AVAILABLE', null)
    , (110017, 9999, '2024-01-01', '00:00:00', 9999, '2024-01-01', '00:00:00', 1100, 1117,   '18', 'REGULAR', 'AVAILABLE', null)
    , (110018, 9999, '2024-01-01', '00:00:00', 9999, '2024-01-01', '00:00:00', 1100, 1118,   '19', 'REGULAR', 'AVAILABLE', null)
    , (110019, 9999, '2024-01-01', '00:00:00', 9999, '2024-01-01', '00:00:00', 1100, 1119,   '20', 'REGULAR', 'AVAILABLE', null)
    , (110020, 9999, '2024-01-01', '00:00:00', 9999, '2024-01-01', '00:00:00', 1100, 1120,   '21', 'REGULAR', 'AVAILABLE', null)
    , (110021, 9999, '2024-01-01', '00:00:00', 9999, '2024-01-01', '00:00:00', 1100, 1121,   '22', 'REGULAR', 'AVAILABLE', null)
    , (110022, 9999, '2024-01-01', '00:00:00', 9999, '2024-01-01', '00:00:00', 1100, 1122,   '23', 'REGULAR', 'AVAILABLE', null)
    , (110023, 9999, '2024-01-01', '00:00:00', 9999, '2024-01-01', '00:00:00', 1100, 1123,   '24', 'REGULAR', 'AVAILABLE', null)
    , (110024, 9999, '2024-01-01', '00:00:00', 9999, '2024-01-01', '00:00:00', 1100, 1124,   '25', 'REGULAR', 'AVAILABLE', null)
    , (110025, 9999, '2024-01-01', '00:00:00', 9999, '2024-01-01', '00:00:00', 1100, 1125,   '26', 'REGULAR', 'AVAILABLE', null)
    , (110026, 9999, '2024-01-01', '00:00:00', 9999, '2024-01-01', '00:00:00', 1100, 1126,   '27', 'REGULAR', 'AVAILABLE', null)
    , (110027, 9999, '2024-01-01', '00:00:00', 9999, '2024-01-01', '00:00:00', 1100, 1127,   '28', 'REGULAR', 'AVAILABLE', null)
    , (110028, 9999, '2024-01-01', '00:00:00', 9999, '2024-01-01', '00:00:00', 1100, 1128,   '29', 'REGULAR', 'AVAILABLE', null)
    , (110029, 9999, '2024-01-01', '00:00:00', 9999, '2024-01-01', '00:00:00', 1100, 1129,   '30', 'REGULAR', 'AVAILABLE', null)
    , (110030, 9999, '2024-01-01', '00:00:00', 9999, '2024-01-01', '00:00:00', 1100, 1130,   '31', 'REGULAR', 'AVAILABLE', null)
    , (110031, 9999, '2024-01-01', '00:00:00', 9999, '2024-01-01', '00:00:00', 1100, 1131,   '32', 'REGULAR', 'AVAILABLE', null)
    , (110032, 9999, '2024-01-01', '00:00:00', 9999, '2024-01-01', '00:00:00', 1100, 1132,   '33', 'REGULAR', 'AVAILABLE', null)
    , (110033, 9999, '2024-01-01', '00:00:00', 9999, '2024-01-01', '00:00:00', 1100, 1133,   '34', 'REGULAR', 'AVAILABLE', null)
    , (110034, 9999, '2024-01-01', '00:00:00', 9999, '2024-01-01', '00:00:00', 1100, 1134,   '35', 'REGULAR', 'AVAILABLE', null)
    , (110035, 9999, '2024-01-01', '00:00:00', 9999, '2024-01-01', '00:00:00', 1100, 1135,   '36', 'REGULAR', 'AVAILABLE', null)
    , (110036, 9999, '2024-01-01', '00:00:00', 9999, '2024-01-01', '00:00:00', 1100, 1136,   '37', 'REGULAR', 'AVAILABLE', null)
    , (110037, 9999, '2024-01-01', '00:00:00', 9999, '2024-01-01', '00:00:00', 1100, 1137,   '38', 'REGULAR', 'AVAILABLE', null)
    , (110038, 9999, '2024-01-01', '00:00:00', 9999, '2024-01-01', '00:00:00', 1100, 1138,   '39', 'REGULAR', 'AVAILABLE', null)
    , (110039, 9999, '2024-01-01', '00:00:00', 9999, '2024-01-01', '00:00:00', 1100, 1139,   '40', 'REGULAR', 'AVAILABLE', null)
    , (110040, 9999, '2024-01-01', '00:00:00', 9999, '2024-01-01', '00:00:00', 1100, 1140,   '41', 'REGULAR', 'AVAILABLE', null)
    , (110041, 9999, '2024-01-01', '00:00:00', 9999, '2024-01-01', '00:00:00', 1100, 1141,   '42', 'REGULAR', 'AVAILABLE', null)
    , (110042, 9999, '2024-01-01', '00:00:00', 9999, '2024-01-01', '00:00:00', 1100, 1142,   '43', 'REGULAR', 'AVAILABLE', null)
    , (110043, 9999, '2024-01-01', '00:00:00', 9999, '2024-01-01', '00:00:00', 1100, 1143,   '44', 'REGULAR', 'AVAILABLE', null)
    , (110044, 9999, '2024-01-01', '00:00:00', 9999, '2024-01-01', '00:00:00', 1100, 1144,   '45', 'REGULAR', 'AVAILABLE', null)
    , (110045, 9999, '2024-01-01', '00:00:00', 9999, '2024-01-01', '00:00:00', 1100, 1145,   '46', 'REGULAR', 'AVAILABLE', null)
    , (110046, 9999, '2024-01-01', '00:00:00', 9999, '2024-01-01', '00:00:00', 1100, 1146,   '47', 'REGULAR', 'AVAILABLE', null)
    , (110047, 9999, '2024-01-01', '00:00:00', 9999, '2024-01-01', '00:00:00', 1100, 1147,   '48', 'REGULAR', 'AVAILABLE', null)
    , (110048, 9999, '2024-01-01', '00:00:00', 9999, '2024-01-01', '00:00:00', 1100, 1148,   '49', 'REGULAR', 'AVAILABLE', null)
    , (110049, 9999, '2024-01-01', '00:00:00', 9999, '2024-01-01', '00:00:00', 1100, 1149,   '50', 'REGULAR', 'AVAILABLE', null)
    -- PERFORMANCE 1101
    , (111000, 9999, '2024-01-01', '00:00:00', 9999, '2024-01-01', '00:00:00', 1101, 1100,    '1', 'REGULAR', 'AVAILABLE', null)
    , (111001, 9999, '2024-01-01', '00:00:00', 9999, '2024-01-01', '00:00:00', 1101, 1101,    '2', 'REGULAR', 'AVAILABLE', null)
    , (111002, 9999, '2024-01-01', '00:00:00', 9999, '2024-01-01', '00:00:00', 1101, 1102,    '3', 'REGULAR', 'AVAILABLE', null)
    , (111003, 9999, '2024-01-01', '00:00:00', 9999, '2024-01-01', '00:00:00', 1101, 1103,    '4', 'REGULAR', 'AVAILABLE', null)
    , (111004, 9999, '2024-01-01', '00:00:00', 9999, '2024-01-01', '00:00:00', 1101, 1104,    '5', 'REGULAR', 'AVAILABLE', null)
    , (111005, 9999, '2024-01-01', '00:00:00', 9999, '2024-01-01', '00:00:00', 1101, 1105,    '6', 'REGULAR', 'AVAILABLE', null)
    , (111006, 9999, '2024-01-01', '00:00:00', 9999, '2024-01-01', '00:00:00', 1101, 1106,    '7', 'REGULAR', 'AVAILABLE', null)
    , (111007, 9999, '2024-01-01', '00:00:00', 9999, '2024-01-01', '00:00:00', 1101, 1107,    '8', 'REGULAR', 'AVAILABLE', null)
    , (111008, 9999, '2024-01-01', '00:00:00', 9999, '2024-01-01', '00:00:00', 1101, 1108,    '9', 'REGULAR', 'AVAILABLE', null)
    , (111009, 9999, '2024-01-01', '00:00:00', 9999, '2024-01-01', '00:00:00', 1101, 1109,   '10', 'REGULAR', 'AVAILABLE', null)
    , (111010, 9999, '2024-01-01', '00:00:00', 9999, '2024-01-01', '00:00:00', 1101, 1110,   '11', 'REGULAR', 'AVAILABLE', null)
    , (111011, 9999, '2024-01-01', '00:00:00', 9999, '2024-01-01', '00:00:00', 1101, 1111,   '12', 'REGULAR', 'AVAILABLE', null)
    , (111012, 9999, '2024-01-01', '00:00:00', 9999, '2024-01-01', '00:00:00', 1101, 1112,   '13', 'REGULAR', 'AVAILABLE', null)
    , (111013, 9999, '2024-01-01', '00:00:00', 9999, '2024-01-01', '00:00:00', 1101, 1113,   '14', 'REGULAR', 'AVAILABLE', null)
    , (111014, 9999, '2024-01-01', '00:00:00', 9999, '2024-01-01', '00:00:00', 1101, 1114,   '15', 'REGULAR', 'AVAILABLE', null)
    , (111015, 9999, '2024-01-01', '00:00:00', 9999, '2024-01-01', '00:00:00', 1101, 1115,   '16', 'REGULAR', 'AVAILABLE', null)
    , (111016, 9999, '2024-01-01', '00:00:00', 9999, '2024-01-01', '00:00:00', 1101, 1116,   '17', 'REGULAR', 'AVAILABLE', null)
    , (111017, 9999, '2024-01-01', '00:00:00', 9999, '2024-01-01', '00:00:00', 1101, 1117,   '18', 'REGULAR', 'AVAILABLE', null)
    , (111018, 9999, '2024-01-01', '00:00:00', 9999, '2024-01-01', '00:00:00', 1101, 1118,   '19', 'REGULAR', 'AVAILABLE', null)
    , (111019, 9999, '2024-01-01', '00:00:00', 9999, '2024-01-01', '00:00:00', 1101, 1119,   '20', 'REGULAR', 'AVAILABLE', null)
    , (111020, 9999, '2024-01-01', '00:00:00', 9999, '2024-01-01', '00:00:00', 1101, 1120,   '21', 'REGULAR', 'AVAILABLE', null)
    , (111021, 9999, '2024-01-01', '00:00:00', 9999, '2024-01-01', '00:00:00', 1101, 1121,   '22', 'REGULAR', 'AVAILABLE', null)
    , (111022, 9999, '2024-01-01', '00:00:00', 9999, '2024-01-01', '00:00:00', 1101, 1122,   '23', 'REGULAR', 'AVAILABLE', null)
    , (111023, 9999, '2024-01-01', '00:00:00', 9999, '2024-01-01', '00:00:00', 1101, 1123,   '24', 'REGULAR', 'AVAILABLE', null)
    , (111024, 9999, '2024-01-01', '00:00:00', 9999, '2024-01-01', '00:00:00', 1101, 1124,   '25', 'REGULAR', 'AVAILABLE', null)
    , (111025, 9999, '2024-01-01', '00:00:00', 9999, '2024-01-01', '00:00:00', 1101, 1125,   '26', 'REGULAR', 'AVAILABLE', null)
    , (111026, 9999, '2024-01-01', '00:00:00', 9999, '2024-01-01', '00:00:00', 1101, 1126,   '27', 'REGULAR', 'AVAILABLE', null)
    , (111027, 9999, '2024-01-01', '00:00:00', 9999, '2024-01-01', '00:00:00', 1101, 1127,   '28', 'REGULAR', 'AVAILABLE', null)
    , (111028, 9999, '2024-01-01', '00:00:00', 9999, '2024-01-01', '00:00:00', 1101, 1128,   '29', 'REGULAR', 'AVAILABLE', null)
    , (111029, 9999, '2024-01-01', '00:00:00', 9999, '2024-01-01', '00:00:00', 1101, 1129,   '30', 'REGULAR', 'AVAILABLE', null)
    , (111030, 9999, '2024-01-01', '00:00:00', 9999, '2024-01-01', '00:00:00', 1101, 1130,   '31', 'REGULAR', 'AVAILABLE', null)
    , (111031, 9999, '2024-01-01', '00:00:00', 9999, '2024-01-01', '00:00:00', 1101, 1131,   '32', 'REGULAR', 'AVAILABLE', null)
    , (111032, 9999, '2024-01-01', '00:00:00', 9999, '2024-01-01', '00:00:00', 1101, 1132,   '33', 'REGULAR', 'AVAILABLE', null)
    , (111033, 9999, '2024-01-01', '00:00:00', 9999, '2024-01-01', '00:00:00', 1101, 1133,   '34', 'REGULAR', 'AVAILABLE', null)
    , (111034, 9999, '2024-01-01', '00:00:00', 9999, '2024-01-01', '00:00:00', 1101, 1134,   '35', 'REGULAR', 'AVAILABLE', null)
    , (111035, 9999, '2024-01-01', '00:00:00', 9999, '2024-01-01', '00:00:00', 1101, 1135,   '36', 'REGULAR', 'AVAILABLE', null)
    , (111036, 9999, '2024-01-01', '00:00:00', 9999, '2024-01-01', '00:00:00', 1101, 1136,   '37', 'REGULAR', 'AVAILABLE', null)
    , (111037, 9999, '2024-01-01', '00:00:00', 9999, '2024-01-01', '00:00:00', 1101, 1137,   '38', 'REGULAR', 'AVAILABLE', null)
    , (111038, 9999, '2024-01-01', '00:00:00', 9999, '2024-01-01', '00:00:00', 1101, 1138,   '39', 'REGULAR', 'AVAILABLE', null)
    , (111039, 9999, '2024-01-01', '00:00:00', 9999, '2024-01-01', '00:00:00', 1101, 1139,   '40', 'REGULAR', 'AVAILABLE', null)
    , (111040, 9999, '2024-01-01', '00:00:00', 9999, '2024-01-01', '00:00:00', 1101, 1140,   '41', 'REGULAR', 'AVAILABLE', null)
    , (111041, 9999, '2024-01-01', '00:00:00', 9999, '2024-01-01', '00:00:00', 1101, 1141,   '42', 'REGULAR', 'AVAILABLE', null)
    , (111042, 9999, '2024-01-01', '00:00:00', 9999, '2024-01-01', '00:00:00', 1101, 1142,   '43', 'REGULAR', 'AVAILABLE', null)
    , (111043, 9999, '2024-01-01', '00:00:00', 9999, '2024-01-01', '00:00:00', 1101, 1143,   '44', 'REGULAR', 'AVAILABLE', null)
    , (111044, 9999, '2024-01-01', '00:00:00', 9999, '2024-01-01', '00:00:00', 1101, 1144,   '45', 'REGULAR', 'AVAILABLE', null)
    , (111045, 9999, '2024-01-01', '00:00:00', 9999, '2024-01-01', '00:00:00', 1101, 1145,   '46', 'REGULAR', 'AVAILABLE', null)
    , (111046, 9999, '2024-01-01', '00:00:00', 9999, '2024-01-01', '00:00:00', 1101, 1146,   '47', 'REGULAR', 'AVAILABLE', null)
    , (111047, 9999, '2024-01-01', '00:00:00', 9999, '2024-01-01', '00:00:00', 1101, 1147,   '48', 'REGULAR', 'AVAILABLE', null)
    , (111048, 9999, '2024-01-01', '00:00:00', 9999, '2024-01-01', '00:00:00', 1101, 1148,   '49', 'REGULAR', 'AVAILABLE', null)
    , (111049, 9999, '2024-01-01', '00:00:00', 9999, '2024-01-01', '00:00:00', 1101, 1149,   '50', 'REGULAR', 'AVAILABLE', null)
    -- PERFORMANCE 1102
    , (112000, 9999, '2024-01-01', '00:00:00', 9999, '2024-01-01', '00:00:00', 1102, 1100,    '1', 'REGULAR', 'AVAILABLE', null)
    , (112001, 9999, '2024-01-01', '00:00:00', 9999, '2024-01-01', '00:00:00', 1102, 1101,    '2', 'REGULAR', 'AVAILABLE', null)
    , (112002, 9999, '2024-01-01', '00:00:00', 9999, '2024-01-01', '00:00:00', 1102, 1102,    '3', 'REGULAR', 'AVAILABLE', null)
    , (112003, 9999, '2024-01-01', '00:00:00', 9999, '2024-01-01', '00:00:00', 1102, 1103,    '4', 'REGULAR', 'AVAILABLE', null)
    , (112004, 9999, '2024-01-01', '00:00:00', 9999, '2024-01-01', '00:00:00', 1102, 1104,    '5', 'REGULAR', 'AVAILABLE', null)
    , (112005, 9999, '2024-01-01', '00:00:00', 9999, '2024-01-01', '00:00:00', 1102, 1105,    '6', 'REGULAR', 'AVAILABLE', null)
    , (112006, 9999, '2024-01-01', '00:00:00', 9999, '2024-01-01', '00:00:00', 1102, 1106,    '7', 'REGULAR', 'AVAILABLE', null)
    , (112007, 9999, '2024-01-01', '00:00:00', 9999, '2024-01-01', '00:00:00', 1102, 1107,    '8', 'REGULAR', 'AVAILABLE', null)
    , (112008, 9999, '2024-01-01', '00:00:00', 9999, '2024-01-01', '00:00:00', 1102, 1108,    '9', 'REGULAR', 'AVAILABLE', null)
    , (112009, 9999, '2024-01-01', '00:00:00', 9999, '2024-01-01', '00:00:00', 1102, 1109,   '10', 'REGULAR', 'AVAILABLE', null)
    , (112010, 9999, '2024-01-01', '00:00:00', 9999, '2024-01-01', '00:00:00', 1102, 1110,   '11', 'REGULAR', 'AVAILABLE', null)
    , (112011, 9999, '2024-01-01', '00:00:00', 9999, '2024-01-01', '00:00:00', 1102, 1111,   '12', 'REGULAR', 'AVAILABLE', null)
    , (112012, 9999, '2024-01-01', '00:00:00', 9999, '2024-01-01', '00:00:00', 1102, 1112,   '13', 'REGULAR', 'AVAILABLE', null)
    , (112013, 9999, '2024-01-01', '00:00:00', 9999, '2024-01-01', '00:00:00', 1102, 1113,   '14', 'REGULAR', 'AVAILABLE', null)
    , (112014, 9999, '2024-01-01', '00:00:00', 9999, '2024-01-01', '00:00:00', 1102, 1114,   '15', 'REGULAR', 'AVAILABLE', null)
    , (112015, 9999, '2024-01-01', '00:00:00', 9999, '2024-01-01', '00:00:00', 1102, 1115,   '16', 'REGULAR', 'AVAILABLE', null)
    , (112016, 9999, '2024-01-01', '00:00:00', 9999, '2024-01-01', '00:00:00', 1102, 1116,   '17', 'REGULAR', 'AVAILABLE', null)
    , (112017, 9999, '2024-01-01', '00:00:00', 9999, '2024-01-01', '00:00:00', 1102, 1117,   '18', 'REGULAR', 'AVAILABLE', null)
    , (112018, 9999, '2024-01-01', '00:00:00', 9999, '2024-01-01', '00:00:00', 1102, 1118,   '19', 'REGULAR', 'AVAILABLE', null)
    , (112019, 9999, '2024-01-01', '00:00:00', 9999, '2024-01-01', '00:00:00', 1102, 1119,   '20', 'REGULAR', 'AVAILABLE', null)
    , (112020, 9999, '2024-01-01', '00:00:00', 9999, '2024-01-01', '00:00:00', 1102, 1120,   '21', 'REGULAR', 'AVAILABLE', null)
    , (112021, 9999, '2024-01-01', '00:00:00', 9999, '2024-01-01', '00:00:00', 1102, 1121,   '22', 'REGULAR', 'AVAILABLE', null)
    , (112022, 9999, '2024-01-01', '00:00:00', 9999, '2024-01-01', '00:00:00', 1102, 1122,   '23', 'REGULAR', 'AVAILABLE', null)
    , (112023, 9999, '2024-01-01', '00:00:00', 9999, '2024-01-01', '00:00:00', 1102, 1123,   '24', 'REGULAR', 'AVAILABLE', null)
    , (112024, 9999, '2024-01-01', '00:00:00', 9999, '2024-01-01', '00:00:00', 1102, 1124,   '25', 'REGULAR', 'AVAILABLE', null)
    , (112025, 9999, '2024-01-01', '00:00:00', 9999, '2024-01-01', '00:00:00', 1102, 1125,   '26', 'REGULAR', 'AVAILABLE', null)
    , (112026, 9999, '2024-01-01', '00:00:00', 9999, '2024-01-01', '00:00:00', 1102, 1126,   '27', 'REGULAR', 'AVAILABLE', null)
    , (112027, 9999, '2024-01-01', '00:00:00', 9999, '2024-01-01', '00:00:00', 1102, 1127,   '28', 'REGULAR', 'AVAILABLE', null)
    , (112028, 9999, '2024-01-01', '00:00:00', 9999, '2024-01-01', '00:00:00', 1102, 1128,   '29', 'REGULAR', 'AVAILABLE', null)
    , (112029, 9999, '2024-01-01', '00:00:00', 9999, '2024-01-01', '00:00:00', 1102, 1129,   '30', 'REGULAR', 'AVAILABLE', null)
    , (112030, 9999, '2024-01-01', '00:00:00', 9999, '2024-01-01', '00:00:00', 1102, 1130,   '31', 'REGULAR', 'AVAILABLE', null)
    , (112031, 9999, '2024-01-01', '00:00:00', 9999, '2024-01-01', '00:00:00', 1102, 1131,   '32', 'REGULAR', 'AVAILABLE', null)
    , (112032, 9999, '2024-01-01', '00:00:00', 9999, '2024-01-01', '00:00:00', 1102, 1132,   '33', 'REGULAR', 'AVAILABLE', null)
    , (112033, 9999, '2024-01-01', '00:00:00', 9999, '2024-01-01', '00:00:00', 1102, 1133,   '34', 'REGULAR', 'AVAILABLE', null)
    , (112034, 9999, '2024-01-01', '00:00:00', 9999, '2024-01-01', '00:00:00', 1102, 1134,   '35', 'REGULAR', 'AVAILABLE', null)
    , (112035, 9999, '2024-01-01', '00:00:00', 9999, '2024-01-01', '00:00:00', 1102, 1135,   '36', 'REGULAR', 'AVAILABLE', null)
    , (112036, 9999, '2024-01-01', '00:00:00', 9999, '2024-01-01', '00:00:00', 1102, 1136,   '37', 'REGULAR', 'AVAILABLE', null)
    , (112037, 9999, '2024-01-01', '00:00:00', 9999, '2024-01-01', '00:00:00', 1102, 1137,   '38', 'REGULAR', 'AVAILABLE', null)
    , (112038, 9999, '2024-01-01', '00:00:00', 9999, '2024-01-01', '00:00:00', 1102, 1138,   '39', 'REGULAR', 'AVAILABLE', null)
    , (112039, 9999, '2024-01-01', '00:00:00', 9999, '2024-01-01', '00:00:00', 1102, 1139,   '40', 'REGULAR', 'AVAILABLE', null)
    , (112040, 9999, '2024-01-01', '00:00:00', 9999, '2024-01-01', '00:00:00', 1102, 1140,   '41', 'REGULAR', 'AVAILABLE', null)
    , (112041, 9999, '2024-01-01', '00:00:00', 9999, '2024-01-01', '00:00:00', 1102, 1141,   '42', 'REGULAR', 'AVAILABLE', null)
    , (112042, 9999, '2024-01-01', '00:00:00', 9999, '2024-01-01', '00:00:00', 1102, 1142,   '43', 'REGULAR', 'AVAILABLE', null)
    , (112043, 9999, '2024-01-01', '00:00:00', 9999, '2024-01-01', '00:00:00', 1102, 1143,   '44', 'REGULAR', 'AVAILABLE', null)
    , (112044, 9999, '2024-01-01', '00:00:00', 9999, '2024-01-01', '00:00:00', 1102, 1144,   '45', 'REGULAR', 'AVAILABLE', null)
    , (112045, 9999, '2024-01-01', '00:00:00', 9999, '2024-01-01', '00:00:00', 1102, 1145,   '46', 'REGULAR', 'AVAILABLE', null)
    , (112046, 9999, '2024-01-01', '00:00:00', 9999, '2024-01-01', '00:00:00', 1102, 1146,   '47', 'REGULAR', 'AVAILABLE', null)
    , (112047, 9999, '2024-01-01', '00:00:00', 9999, '2024-01-01', '00:00:00', 1102, 1147,   '48', 'REGULAR', 'AVAILABLE', null)
    , (112048, 9999, '2024-01-01', '00:00:00', 9999, '2024-01-01', '00:00:00', 1102, 1148,   '49', 'REGULAR', 'AVAILABLE', null)
    , (112049, 9999, '2024-01-01', '00:00:00', 9999, '2024-01-01', '00:00:00', 1102, 1149,   '50', 'REGULAR', 'AVAILABLE', null)
    -- PERFORMANCE 1200
    , (120000, 9999, '2024-01-01', '00:00:00', 9999, '2024-01-01', '00:00:00', 1200, 1100,   'A1', 'PREMIUM', 'AVAILABLE', null)
    , (120001, 9999, '2024-01-01', '00:00:00', 9999, '2024-01-01', '00:00:00', 1200, 1101,   'A2', 'PREMIUM', 'AVAILABLE', null)
    , (120002, 9999, '2024-01-01', '00:00:00', 9999, '2024-01-01', '00:00:00', 1200, 1102,   'A3', 'PREMIUM', 'AVAILABLE', null)
    , (120003, 9999, '2024-01-01', '00:00:00', 9999, '2024-01-01', '00:00:00', 1200, 1103,   'A4', 'PREMIUM', 'AVAILABLE', null)
    , (120004, 9999, '2024-01-01', '00:00:00', 9999, '2024-01-01', '00:00:00', 1200, 1104,   'A5', 'PREMIUM', 'AVAILABLE', null)
    , (120005, 9999, '2024-01-01', '00:00:00', 9999, '2024-01-01', '00:00:00', 1200, 1105,   'A6', 'PREMIUM', 'AVAILABLE', null)
    , (120006, 9999, '2024-01-01', '00:00:00', 9999, '2024-01-01', '00:00:00', 1200, 1106,   'A7', 'PREMIUM', 'AVAILABLE', null)
    , (120007, 9999, '2024-01-01', '00:00:00', 9999, '2024-01-01', '00:00:00', 1200, 1107,   'A8', 'PREMIUM', 'AVAILABLE', null)
    , (120008, 9999, '2024-01-01', '00:00:00', 9999, '2024-01-01', '00:00:00', 1200, 1108,   'A9', 'PREMIUM', 'AVAILABLE', null)
    , (120009, 9999, '2024-01-01', '00:00:00', 9999, '2024-01-01', '00:00:00', 1200, 1109,  'A10', 'PREMIUM', 'AVAILABLE', null)
    , (120010, 9999, '2024-01-01', '00:00:00', 9999, '2024-01-01', '00:00:00', 1200, 1110,   'B1',     'VIP', 'AVAILABLE', null)
    , (120011, 9999, '2024-01-01', '00:00:00', 9999, '2024-01-01', '00:00:00', 1200, 1111,   'B2',     'VIP', 'AVAILABLE', null)
    , (120012, 9999, '2024-01-01', '00:00:00', 9999, '2024-01-01', '00:00:00', 1200, 1112,   'B3',     'VIP', 'AVAILABLE', null)
    , (120013, 9999, '2024-01-01', '00:00:00', 9999, '2024-01-01', '00:00:00', 1200, 1113,   'B4',     'VIP', 'AVAILABLE', null)
    , (120014, 9999, '2024-01-01', '00:00:00', 9999, '2024-01-01', '00:00:00', 1200, 1114,   'B5',     'VIP', 'AVAILABLE', null)
    , (120015, 9999, '2024-01-01', '00:00:00', 9999, '2024-01-01', '00:00:00', 1200, 1115,   'B6',     'VIP', 'AVAILABLE', null)
    , (120016, 9999, '2024-01-01', '00:00:00', 9999, '2024-01-01', '00:00:00', 1200, 1116,   'B7',     'VIP', 'AVAILABLE', null)
    , (120017, 9999, '2024-01-01', '00:00:00', 9999, '2024-01-01', '00:00:00', 1200, 1117,   'B8',     'VIP', 'AVAILABLE', null)
    , (120018, 9999, '2024-01-01', '00:00:00', 9999, '2024-01-01', '00:00:00', 1200, 1118,   'B9',     'VIP', 'AVAILABLE', null)
    , (120019, 9999, '2024-01-01', '00:00:00', 9999, '2024-01-01', '00:00:00', 1200, 1119,  'B10',     'VIP', 'AVAILABLE', null)
    , (120020, 9999, '2024-01-01', '00:00:00', 9999, '2024-01-01', '00:00:00', 1200, 1120,   'C1', 'REGULAR', 'AVAILABLE', null)
    , (120021, 9999, '2024-01-01', '00:00:00', 9999, '2024-01-01', '00:00:00', 1200, 1121,   'C2', 'REGULAR', 'AVAILABLE', null)
    , (120022, 9999, '2024-01-01', '00:00:00', 9999, '2024-01-01', '00:00:00', 1200, 1122,   'C3', 'REGULAR', 'AVAILABLE', null)
    , (120023, 9999, '2024-01-01', '00:00:00', 9999, '2024-01-01', '00:00:00', 1200, 1123,   'C4', 'REGULAR', 'AVAILABLE', null)
    , (120024, 9999, '2024-01-01', '00:00:00', 9999, '2024-01-01', '00:00:00', 1200, 1124,   'C5', 'REGULAR', 'AVAILABLE', null)
    , (120025, 9999, '2024-01-01', '00:00:00', 9999, '2024-01-01', '00:00:00', 1200, 1125,   'C6', 'REGULAR', 'AVAILABLE', null)
    , (120026, 9999, '2024-01-01', '00:00:00', 9999, '2024-01-01', '00:00:00', 1200, 1126,   'C7', 'REGULAR', 'AVAILABLE', null)
    , (120027, 9999, '2024-01-01', '00:00:00', 9999, '2024-01-01', '00:00:00', 1200, 1127,   'C8', 'REGULAR', 'AVAILABLE', null)
    , (120028, 9999, '2024-01-01', '00:00:00', 9999, '2024-01-01', '00:00:00', 1200, 1128,   'C9', 'REGULAR', 'AVAILABLE', null)
    , (120029, 9999, '2024-01-01', '00:00:00', 9999, '2024-01-01', '00:00:00', 1200, 1129,  'C10', 'REGULAR', 'AVAILABLE', null)
    , (120030, 9999, '2024-01-01', '00:00:00', 9999, '2024-01-01', '00:00:00', 1200, 1130,   'D1', 'REGULAR', 'AVAILABLE', null)
    , (120031, 9999, '2024-01-01', '00:00:00', 9999, '2024-01-01', '00:00:00', 1200, 1131,   'D2', 'REGULAR', 'AVAILABLE', null)
    , (120032, 9999, '2024-01-01', '00:00:00', 9999, '2024-01-01', '00:00:00', 1200, 1132,   'D3', 'REGULAR', 'AVAILABLE', null)
    , (120033, 9999, '2024-01-01', '00:00:00', 9999, '2024-01-01', '00:00:00', 1200, 1133,   'D4', 'REGULAR', 'AVAILABLE', null)
    , (120034, 9999, '2024-01-01', '00:00:00', 9999, '2024-01-01', '00:00:00', 1200, 1134,   'D5', 'REGULAR', 'AVAILABLE', null)
    , (120035, 9999, '2024-01-01', '00:00:00', 9999, '2024-01-01', '00:00:00', 1200, 1135,   'D6', 'REGULAR', 'AVAILABLE', null)
    , (120036, 9999, '2024-01-01', '00:00:00', 9999, '2024-01-01', '00:00:00', 1200, 1136,   'D7', 'REGULAR', 'AVAILABLE', null)
    , (120037, 9999, '2024-01-01', '00:00:00', 9999, '2024-01-01', '00:00:00', 1200, 1137,   'D8', 'REGULAR', 'AVAILABLE', null)
    , (120038, 9999, '2024-01-01', '00:00:00', 9999, '2024-01-01', '00:00:00', 1200, 1138,   'D9', 'REGULAR', 'AVAILABLE', null)
    , (120039, 9999, '2024-01-01', '00:00:00', 9999, '2024-01-01', '00:00:00', 1200, 1139,  'D10', 'REGULAR', 'AVAILABLE', null)
    , (120040, 9999, '2024-01-01', '00:00:00', 9999, '2024-01-01', '00:00:00', 1200, 1140,   'E1', 'REGULAR', 'AVAILABLE', null)
    , (120041, 9999, '2024-01-01', '00:00:00', 9999, '2024-01-01', '00:00:00', 1200, 1141,   'E2', 'REGULAR', 'AVAILABLE', null)
    , (120042, 9999, '2024-01-01', '00:00:00', 9999, '2024-01-01', '00:00:00', 1200, 1142,   'E3', 'REGULAR', 'AVAILABLE', null)
    , (120043, 9999, '2024-01-01', '00:00:00', 9999, '2024-01-01', '00:00:00', 1200, 1143,   'E4', 'REGULAR', 'AVAILABLE', null)
    , (120044, 9999, '2024-01-01', '00:00:00', 9999, '2024-01-01', '00:00:00', 1200, 1144,   'E5', 'REGULAR', 'AVAILABLE', null)
    , (120045, 9999, '2024-01-01', '00:00:00', 9999, '2024-01-01', '00:00:00', 1200, 1145,   'E6', 'REGULAR', 'AVAILABLE', null)
    , (120046, 9999, '2024-01-01', '00:00:00', 9999, '2024-01-01', '00:00:00', 1200, 1146,   'E7', 'REGULAR', 'AVAILABLE', null)
    , (120047, 9999, '2024-01-01', '00:00:00', 9999, '2024-01-01', '00:00:00', 1200, 1147,   'E8', 'REGULAR', 'AVAILABLE', null)
    , (120048, 9999, '2024-01-01', '00:00:00', 9999, '2024-01-01', '00:00:00', 1200, 1148,   'E9', 'REGULAR', 'AVAILABLE', null)
    , (120049, 9999, '2024-01-01', '00:00:00', 9999, '2024-01-01', '00:00:00', 1200, 1149,  'E10', 'REGULAR', 'AVAILABLE', null)
    -- PERFORMANCE 1201
    , (121000, 9999, '2024-01-01', '00:00:00', 9999, '2024-01-01', '00:00:00', 1201, 1100,   'A1', 'PREMIUM', 'AVAILABLE', null)
    , (121001, 9999, '2024-01-01', '00:00:00', 9999, '2024-01-01', '00:00:00', 1201, 1101,   'A2', 'PREMIUM', 'AVAILABLE', null)
    , (121002, 9999, '2024-01-01', '00:00:00', 9999, '2024-01-01', '00:00:00', 1201, 1102,   'A3', 'PREMIUM', 'AVAILABLE', null)
    , (121003, 9999, '2024-01-01', '00:00:00', 9999, '2024-01-01', '00:00:00', 1201, 1103,   'A4', 'PREMIUM', 'AVAILABLE', null)
    , (121004, 9999, '2024-01-01', '00:00:00', 9999, '2024-01-01', '00:00:00', 1201, 1104,   'A5', 'PREMIUM', 'AVAILABLE', null)
    , (121005, 9999, '2024-01-01', '00:00:00', 9999, '2024-01-01', '00:00:00', 1201, 1105,   'A6', 'PREMIUM', 'AVAILABLE', null)
    , (121006, 9999, '2024-01-01', '00:00:00', 9999, '2024-01-01', '00:00:00', 1201, 1106,   'A7', 'PREMIUM', 'AVAILABLE', null)
    , (121007, 9999, '2024-01-01', '00:00:00', 9999, '2024-01-01', '00:00:00', 1201, 1107,   'A8', 'PREMIUM', 'AVAILABLE', null)
    , (121008, 9999, '2024-01-01', '00:00:00', 9999, '2024-01-01', '00:00:00', 1201, 1108,   'A9', 'PREMIUM', 'AVAILABLE', null)
    , (121009, 9999, '2024-01-01', '00:00:00', 9999, '2024-01-01', '00:00:00', 1201, 1109,  'A10', 'PREMIUM', 'AVAILABLE', null)
    , (121010, 9999, '2024-01-01', '00:00:00', 9999, '2024-01-01', '00:00:00', 1201, 1110,   'B1',     'VIP', 'AVAILABLE', null)
    , (121011, 9999, '2024-01-01', '00:00:00', 9999, '2024-01-01', '00:00:00', 1201, 1111,   'B2',     'VIP', 'AVAILABLE', null)
    , (121012, 9999, '2024-01-01', '00:00:00', 9999, '2024-01-01', '00:00:00', 1201, 1112,   'B3',     'VIP', 'AVAILABLE', null)
    , (121013, 9999, '2024-01-01', '00:00:00', 9999, '2024-01-01', '00:00:00', 1201, 1113,   'B4',     'VIP', 'AVAILABLE', null)
    , (121014, 9999, '2024-01-01', '00:00:00', 9999, '2024-01-01', '00:00:00', 1201, 1114,   'B5',     'VIP', 'AVAILABLE', null)
    , (121015, 9999, '2024-01-01', '00:00:00', 9999, '2024-01-01', '00:00:00', 1201, 1115,   'B6',     'VIP', 'AVAILABLE', null)
    , (121016, 9999, '2024-01-01', '00:00:00', 9999, '2024-01-01', '00:00:00', 1201, 1116,   'B7',     'VIP', 'AVAILABLE', null)
    , (121017, 9999, '2024-01-01', '00:00:00', 9999, '2024-01-01', '00:00:00', 1201, 1117,   'B8',     'VIP', 'AVAILABLE', null)
    , (121018, 9999, '2024-01-01', '00:00:00', 9999, '2024-01-01', '00:00:00', 1201, 1118,   'B9',     'VIP', 'AVAILABLE', null)
    , (121019, 9999, '2024-01-01', '00:00:00', 9999, '2024-01-01', '00:00:00', 1201, 1119,  'B10',     'VIP', 'AVAILABLE', null)
    , (121020, 9999, '2024-01-01', '00:00:00', 9999, '2024-01-01', '00:00:00', 1201, 1120,   'C1', 'REGULAR', 'AVAILABLE', null)
    , (121021, 9999, '2024-01-01', '00:00:00', 9999, '2024-01-01', '00:00:00', 1201, 1121,   'C2', 'REGULAR', 'AVAILABLE', null)
    , (121022, 9999, '2024-01-01', '00:00:00', 9999, '2024-01-01', '00:00:00', 1201, 1122,   'C3', 'REGULAR', 'AVAILABLE', null)
    , (121023, 9999, '2024-01-01', '00:00:00', 9999, '2024-01-01', '00:00:00', 1201, 1123,   'C4', 'REGULAR', 'AVAILABLE', null)
    , (121024, 9999, '2024-01-01', '00:00:00', 9999, '2024-01-01', '00:00:00', 1201, 1124,   'C5', 'REGULAR', 'AVAILABLE', null)
    , (121025, 9999, '2024-01-01', '00:00:00', 9999, '2024-01-01', '00:00:00', 1201, 1125,   'C6', 'REGULAR', 'AVAILABLE', null)
    , (121026, 9999, '2024-01-01', '00:00:00', 9999, '2024-01-01', '00:00:00', 1201, 1126,   'C7', 'REGULAR', 'AVAILABLE', null)
    , (121027, 9999, '2024-01-01', '00:00:00', 9999, '2024-01-01', '00:00:00', 1201, 1127,   'C8', 'REGULAR', 'AVAILABLE', null)
    , (121028, 9999, '2024-01-01', '00:00:00', 9999, '2024-01-01', '00:00:00', 1201, 1128,   'C9', 'REGULAR', 'AVAILABLE', null)
    , (121029, 9999, '2024-01-01', '00:00:00', 9999, '2024-01-01', '00:00:00', 1201, 1129,  'C10', 'REGULAR', 'AVAILABLE', null)
    , (121030, 9999, '2024-01-01', '00:00:00', 9999, '2024-01-01', '00:00:00', 1201, 1130,   'D1', 'REGULAR', 'AVAILABLE', null)
    , (121031, 9999, '2024-01-01', '00:00:00', 9999, '2024-01-01', '00:00:00', 1201, 1131,   'D2', 'REGULAR', 'AVAILABLE', null)
    , (121032, 9999, '2024-01-01', '00:00:00', 9999, '2024-01-01', '00:00:00', 1201, 1132,   'D3', 'REGULAR', 'AVAILABLE', null)
    , (121033, 9999, '2024-01-01', '00:00:00', 9999, '2024-01-01', '00:00:00', 1201, 1133,   'D4', 'REGULAR', 'AVAILABLE', null)
    , (121034, 9999, '2024-01-01', '00:00:00', 9999, '2024-01-01', '00:00:00', 1201, 1134,   'D5', 'REGULAR', 'AVAILABLE', null)
    , (121035, 9999, '2024-01-01', '00:00:00', 9999, '2024-01-01', '00:00:00', 1201, 1135,   'D6', 'REGULAR', 'AVAILABLE', null)
    , (121036, 9999, '2024-01-01', '00:00:00', 9999, '2024-01-01', '00:00:00', 1201, 1136,   'D7', 'REGULAR', 'AVAILABLE', null)
    , (121037, 9999, '2024-01-01', '00:00:00', 9999, '2024-01-01', '00:00:00', 1201, 1137,   'D8', 'REGULAR', 'AVAILABLE', null)
    , (121038, 9999, '2024-01-01', '00:00:00', 9999, '2024-01-01', '00:00:00', 1201, 1138,   'D9', 'REGULAR', 'AVAILABLE', null)
    , (121039, 9999, '2024-01-01', '00:00:00', 9999, '2024-01-01', '00:00:00', 1201, 1139,  'D10', 'REGULAR', 'AVAILABLE', null)
    , (121040, 9999, '2024-01-01', '00:00:00', 9999, '2024-01-01', '00:00:00', 1201, 1140,   'E1', 'REGULAR', 'AVAILABLE', null)
    , (121041, 9999, '2024-01-01', '00:00:00', 9999, '2024-01-01', '00:00:00', 1201, 1141,   'E2', 'REGULAR', 'AVAILABLE', null)
    , (121042, 9999, '2024-01-01', '00:00:00', 9999, '2024-01-01', '00:00:00', 1201, 1142,   'E3', 'REGULAR', 'AVAILABLE', null)
    , (121043, 9999, '2024-01-01', '00:00:00', 9999, '2024-01-01', '00:00:00', 1201, 1143,   'E4', 'REGULAR', 'AVAILABLE', null)
    , (121044, 9999, '2024-01-01', '00:00:00', 9999, '2024-01-01', '00:00:00', 1201, 1144,   'E5', 'REGULAR', 'AVAILABLE', null)
    , (121045, 9999, '2024-01-01', '00:00:00', 9999, '2024-01-01', '00:00:00', 1201, 1145,   'E6', 'REGULAR', 'AVAILABLE', null)
    , (121046, 9999, '2024-01-01', '00:00:00', 9999, '2024-01-01', '00:00:00', 1201, 1146,   'E7', 'REGULAR', 'AVAILABLE', null)
    , (121047, 9999, '2024-01-01', '00:00:00', 9999, '2024-01-01', '00:00:00', 1201, 1147,   'E8', 'REGULAR', 'AVAILABLE', null)
    , (121048, 9999, '2024-01-01', '00:00:00', 9999, '2024-01-01', '00:00:00', 1201, 1148,   'E9', 'REGULAR', 'AVAILABLE', null)
    , (121049, 9999, '2024-01-01', '00:00:00', 9999, '2024-01-01', '00:00:00', 1201, 1149,  'E10', 'REGULAR', 'AVAILABLE', null)
    -- PERFORMANCE 1202
    , (122000, 9999, '2024-01-01', '00:00:00', 9999, '2024-01-01', '00:00:00', 1202, 1100,   'A1', 'PREMIUM', 'AVAILABLE', null)
    , (122001, 9999, '2024-01-01', '00:00:00', 9999, '2024-01-01', '00:00:00', 1202, 1101,   'A2', 'PREMIUM', 'AVAILABLE', null)
    , (122002, 9999, '2024-01-01', '00:00:00', 9999, '2024-01-01', '00:00:00', 1202, 1102,   'A3', 'PREMIUM', 'AVAILABLE', null)
    , (122003, 9999, '2024-01-01', '00:00:00', 9999, '2024-01-01', '00:00:00', 1202, 1103,   'A4', 'PREMIUM', 'AVAILABLE', null)
    , (122004, 9999, '2024-01-01', '00:00:00', 9999, '2024-01-01', '00:00:00', 1202, 1104,   'A5', 'PREMIUM', 'AVAILABLE', null)
    , (122005, 9999, '2024-01-01', '00:00:00', 9999, '2024-01-01', '00:00:00', 1202, 1105,   'A6', 'PREMIUM', 'AVAILABLE', null)
    , (122006, 9999, '2024-01-01', '00:00:00', 9999, '2024-01-01', '00:00:00', 1202, 1106,   'A7', 'PREMIUM', 'AVAILABLE', null)
    , (122007, 9999, '2024-01-01', '00:00:00', 9999, '2024-01-01', '00:00:00', 1202, 1107,   'A8', 'PREMIUM', 'AVAILABLE', null)
    , (122008, 9999, '2024-01-01', '00:00:00', 9999, '2024-01-01', '00:00:00', 1202, 1108,   'A9', 'PREMIUM', 'AVAILABLE', null)
    , (122009, 9999, '2024-01-01', '00:00:00', 9999, '2024-01-01', '00:00:00', 1202, 1109,  'A10', 'PREMIUM', 'AVAILABLE', null)
    , (122010, 9999, '2024-01-01', '00:00:00', 9999, '2024-01-01', '00:00:00', 1202, 1110,   'B1',     'VIP', 'AVAILABLE', null)
    , (122011, 9999, '2024-01-01', '00:00:00', 9999, '2024-01-01', '00:00:00', 1202, 1111,   'B2',     'VIP', 'AVAILABLE', null)
    , (122012, 9999, '2024-01-01', '00:00:00', 9999, '2024-01-01', '00:00:00', 1202, 1112,   'B3',     'VIP', 'AVAILABLE', null)
    , (122013, 9999, '2024-01-01', '00:00:00', 9999, '2024-01-01', '00:00:00', 1202, 1113,   'B4',     'VIP', 'AVAILABLE', null)
    , (122014, 9999, '2024-01-01', '00:00:00', 9999, '2024-01-01', '00:00:00', 1202, 1114,   'B5',     'VIP', 'AVAILABLE', null)
    , (122015, 9999, '2024-01-01', '00:00:00', 9999, '2024-01-01', '00:00:00', 1202, 1115,   'B6',     'VIP', 'AVAILABLE', null)
    , (122016, 9999, '2024-01-01', '00:00:00', 9999, '2024-01-01', '00:00:00', 1202, 1116,   'B7',     'VIP', 'AVAILABLE', null)
    , (122017, 9999, '2024-01-01', '00:00:00', 9999, '2024-01-01', '00:00:00', 1202, 1117,   'B8',     'VIP', 'AVAILABLE', null)
    , (122018, 9999, '2024-01-01', '00:00:00', 9999, '2024-01-01', '00:00:00', 1202, 1118,   'B9',     'VIP', 'AVAILABLE', null)
    , (122019, 9999, '2024-01-01', '00:00:00', 9999, '2024-01-01', '00:00:00', 1202, 1119,  'B10',     'VIP', 'AVAILABLE', null)
    , (122020, 9999, '2024-01-01', '00:00:00', 9999, '2024-01-01', '00:00:00', 1202, 1120,   'C1', 'REGULAR', 'AVAILABLE', null)
    , (122021, 9999, '2024-01-01', '00:00:00', 9999, '2024-01-01', '00:00:00', 1202, 1121,   'C2', 'REGULAR', 'AVAILABLE', null)
    , (122022, 9999, '2024-01-01', '00:00:00', 9999, '2024-01-01', '00:00:00', 1202, 1122,   'C3', 'REGULAR', 'AVAILABLE', null)
    , (122023, 9999, '2024-01-01', '00:00:00', 9999, '2024-01-01', '00:00:00', 1202, 1123,   'C4', 'REGULAR', 'AVAILABLE', null)
    , (122024, 9999, '2024-01-01', '00:00:00', 9999, '2024-01-01', '00:00:00', 1202, 1124,   'C5', 'REGULAR', 'AVAILABLE', null)
    , (122025, 9999, '2024-01-01', '00:00:00', 9999, '2024-01-01', '00:00:00', 1202, 1125,   'C6', 'REGULAR', 'AVAILABLE', null)
    , (122026, 9999, '2024-01-01', '00:00:00', 9999, '2024-01-01', '00:00:00', 1202, 1126,   'C7', 'REGULAR', 'AVAILABLE', null)
    , (122027, 9999, '2024-01-01', '00:00:00', 9999, '2024-01-01', '00:00:00', 1202, 1127,   'C8', 'REGULAR', 'AVAILABLE', null)
    , (122028, 9999, '2024-01-01', '00:00:00', 9999, '2024-01-01', '00:00:00', 1202, 1128,   'C9', 'REGULAR', 'AVAILABLE', null)
    , (122029, 9999, '2024-01-01', '00:00:00', 9999, '2024-01-01', '00:00:00', 1202, 1129,  'C10', 'REGULAR', 'AVAILABLE', null)
    , (122030, 9999, '2024-01-01', '00:00:00', 9999, '2024-01-01', '00:00:00', 1202, 1130,   'D1', 'REGULAR', 'AVAILABLE', null)
    , (122031, 9999, '2024-01-01', '00:00:00', 9999, '2024-01-01', '00:00:00', 1202, 1131,   'D2', 'REGULAR', 'AVAILABLE', null)
    , (122032, 9999, '2024-01-01', '00:00:00', 9999, '2024-01-01', '00:00:00', 1202, 1132,   'D3', 'REGULAR', 'AVAILABLE', null)
    , (122033, 9999, '2024-01-01', '00:00:00', 9999, '2024-01-01', '00:00:00', 1202, 1133,   'D4', 'REGULAR', 'AVAILABLE', null)
    , (122034, 9999, '2024-01-01', '00:00:00', 9999, '2024-01-01', '00:00:00', 1202, 1134,   'D5', 'REGULAR', 'AVAILABLE', null)
    , (122035, 9999, '2024-01-01', '00:00:00', 9999, '2024-01-01', '00:00:00', 1202, 1135,   'D6', 'REGULAR', 'AVAILABLE', null)
    , (122036, 9999, '2024-01-01', '00:00:00', 9999, '2024-01-01', '00:00:00', 1202, 1136,   'D7', 'REGULAR', 'AVAILABLE', null)
    , (122037, 9999, '2024-01-01', '00:00:00', 9999, '2024-01-01', '00:00:00', 1202, 1137,   'D8', 'REGULAR', 'AVAILABLE', null)
    , (122038, 9999, '2024-01-01', '00:00:00', 9999, '2024-01-01', '00:00:00', 1202, 1138,   'D9', 'REGULAR', 'AVAILABLE', null)
    , (122039, 9999, '2024-01-01', '00:00:00', 9999, '2024-01-01', '00:00:00', 1202, 1139,  'D10', 'REGULAR', 'AVAILABLE', null)
    , (122040, 9999, '2024-01-01', '00:00:00', 9999, '2024-01-01', '00:00:00', 1202, 1140,   'E1', 'REGULAR', 'AVAILABLE', null)
    , (122041, 9999, '2024-01-01', '00:00:00', 9999, '2024-01-01', '00:00:00', 1202, 1141,   'E2', 'REGULAR', 'AVAILABLE', null)
    , (122042, 9999, '2024-01-01', '00:00:00', 9999, '2024-01-01', '00:00:00', 1202, 1142,   'E3', 'REGULAR', 'AVAILABLE', null)
    , (122043, 9999, '2024-01-01', '00:00:00', 9999, '2024-01-01', '00:00:00', 1202, 1143,   'E4', 'REGULAR', 'AVAILABLE', null)
    , (122044, 9999, '2024-01-01', '00:00:00', 9999, '2024-01-01', '00:00:00', 1202, 1144,   'E5', 'REGULAR', 'AVAILABLE', null)
    , (122045, 9999, '2024-01-01', '00:00:00', 9999, '2024-01-01', '00:00:00', 1202, 1145,   'E6', 'REGULAR', 'AVAILABLE', null)
    , (122046, 9999, '2024-01-01', '00:00:00', 9999, '2024-01-01', '00:00:00', 1202, 1146,   'E7', 'REGULAR', 'AVAILABLE', null)
    , (122047, 9999, '2024-01-01', '00:00:00', 9999, '2024-01-01', '00:00:00', 1202, 1147,   'E8', 'REGULAR', 'AVAILABLE', null)
    , (122048, 9999, '2024-01-01', '00:00:00', 9999, '2024-01-01', '00:00:00', 1202, 1148,   'E9', 'REGULAR', 'AVAILABLE', null)
    , (122049, 9999, '2024-01-01', '00:00:00', 9999, '2024-01-01', '00:00:00', 1202, 1149,  'E10', 'REGULAR', 'AVAILABLE', null)
;

INSERT INTO `delivery`
    (`delivery_id`, `created_by`, `created_date`, `created_time`, `last_modified_by`, `last_modified_date`, `last_modified_time`,
    `zip_code`, `main_address`, `detail_address`, `status`, `receiver_name`, `phone`, `message`)
VALUES
      (1000, 9999, '2024-01-01', '00:00:00', 9999, '2024-01-01', '00:00:00', 12345, '서울특별시', '마포구 합정동', 'DONE', '굼맴잠', '010-1234-1234', '문 앞에 놔주세요.')
    , (1001, 9999, '2024-01-01', '00:00:00', 9999, '2024-01-01', '00:00:00', 12233, '경기도', '수원시', 'DELIVERY', '김수원', '010-4321-1234', '문자주세요.')
    , (1002, 9999, '2024-01-01', '00:00:00', 9999, '2024-01-01', '00:00:00', 13355, '경기도', '수원시', 'PURCHASE', '햄뭉치', '010-3333-1111', '')
;


INSERT INTO `orders`
    (`order_id`, `created_by`, `created_date`, `created_time`, `last_modified_by`, `last_modified_date`, `last_modified_time`,
    `user_id`, `delivery_id`, `order_status`, `order_date`, `receiving_method`)
VALUES
      (1000, 9999, '2024-01-01', '00:00:00', 9999, '2024-01-01', '00:00:00', 1001, 1000, 'APPROVED', '2024-01-04', 'MOBILE_TICKET')
    , (1001, 9999, '2024-01-01', '00:00:00', 9999, '2024-01-01', '00:00:00', 1002, 1001, 'APPROVED', '2024-01-24', 'MOBILE_TICKET')
    , (1002, 9999, '2024-01-01', '00:00:00', 9999, '2024-01-01', '00:00:00', 1004, 1002, 'CANCELED', '2024-01-08', 'MOBILE_TICKET')
;

INSERT INTO `order_item`
    (`dtype`, `order_item_id`, `created_by`, `created_date`, `created_time`, `last_modified_by`, `last_modified_date`, `last_modified_time`,
    `order_id`, `user_id`, `order_price`, `count`, `ticket_key`, `performance_seat_id`, `ticket_status`)
VALUES
      ('TICKET', 10000, 9999, '2024-01-01', '00:00:00', 9999, '2024-01-01', '00:00:00', 1000, 1001, 30000, 1, 'A123456789', 100001, 'CONFIRMED')
    , ('TICKET', 10001, 9999, '2024-01-01', '00:00:00', 9999, '2024-01-01', '00:00:00', 1000, 1001, 30000, 1, 'A123456790', 100002, 'CONFIRMED')
    , ('TICKET', 10002, 9999, '2024-01-01', '00:00:00', 9999, '2024-01-01', '00:00:00', 1000, 1001, 30000, 1, 'A123456791', 100003, 'CONFIRMED')
    , ('TICKET', 10004, 9999, '2024-01-01', '00:00:00', 9999, '2024-01-01', '00:00:00', 1000, 1001, 30000, 1, 'A123456792', 100004, 'CONFIRMED')
    , ('TICKET', 10011, 9999, '2024-01-01', '00:00:00', 9999, '2024-01-01', '00:00:00', 1001, 1002, 30000, 1, 'A123456800', 100005, 'CONFIRMED')
    , ('TICKET', 10012, 9999, '2024-01-01', '00:00:00', 9999, '2024-01-01', '00:00:00', 1001, 1002, 30000, 1, 'A123456801', 100006, 'CONFIRMED')
    , ('TICKET', 10021, 9999, '2024-01-01', '00:00:00', 9999, '2024-01-01', '00:00:00', 1002, 1004, 30000, 1, 'A111111111', 100000, 'CONFIRMED')
;


